matchId,team,opp,quarter,pf,pa,FGA,FGM,3PM,eFG
2741411,HYM,UAT,Q1,11,16,18,5,0,27.8
2741411,HYM,UAT,Q2,20,21,21,8,1,40.5
2741411,HYM,UAT,Q3,34,19,19,13,3,76.3
2741411,HYM,UAT,Q4,19,25,19,7,3,44.7
2741411,UAT,HYM,Q1,16,11,21,7,2,38.1
2741411,UAT,HYM,Q2,21,20,16,8,1,53.1
2741411,UAT,HYM,Q3,19,34,14,5,3,46.4
2741411,UAT,HYM,Q4,25,19,18,9,4,61.1
2741417,UUN,WEL,Q1,27,22,33,12,3,40.9
2741417,UUN,WEL,Q2,29,27,20,9,3,52.5
2741417,UUN,WEL,Q3,31,13,21,12,2,61.9
2741417,UUN,WEL,Q4,26,11,21,11,2,57.1
2741417,WEL,UUN,Q1,22,27,15,7,2,53.3
2741417,WEL,UUN,Q2,27,29,13,8,1,65.4
2741417,WEL,UUN,Q3,13,31,16,5,1,34.4
2741417,WEL,UUN,Q4,11,26,16,5,0,31.2
2741419,BIG,AGU,Q1,23,17,19,8,4,52.6
2741419,BIG,AGU,Q2,18,29,14,7,0,50.0
2741419,BIG,AGU,Q3,25,22,16,10,3,71.9
2741419,BIG,AGU,Q4,21,22,17,8,3,55.9
2741419,AGU,BIG,Q1,17,23,19,7,3,44.7
2741419,AGU,BIG,Q2,29,18,21,12,5,69.0
2741419,AGU,BIG,Q3,22,25,21,7,0,33.3
2741419,AGU,BIG,Q4,22,21,17,6,2,41.2
2741421,DSC,GOE,Q1,25,24,21,10,3,54.8
2741421,DSC,GOE,Q2,27,23,15,9,2,66.7
2741421,DSC,GOE,Q3,21,20,19,7,2,42.1
2741421,DSC,GOE,Q4,29,24,17,9,4,64.7
2741421,GOE,DSC,Q1,24,25,17,10,3,67.6
2741421,GOE,DSC,Q2,23,27,21,8,5,50.0
2741421,GOE,DSC,Q3,20,21,20,8,3,47.5
2741421,GOE,DSC,Q4,24,29,16,9,2,62.5
2741413,MAL,COR,Q1,25,14,21,11,1,54.8
2741413,MAL,COR,Q2,24,26,20,9,1,47.5
2741413,MAL,COR,Q3,17,21,16,6,1,40.6
2741413,MAL,COR,Q4,19,17,21,7,1,35.7
2741413,COR,MAL,Q1,14,25,17,6,0,35.3
2741413,COR,MAL,Q2,26,24,16,9,4,68.8
2741413,COR,MAL,Q3,21,17,17,6,4,47.1
2741413,COR,MAL,Q4,17,19,19,7,1,39.5
2741427,AGU,UUN,Q1,24,22,17,9,1,55.9
2741427,AGU,UUN,Q2,35,22,16,10,4,75.0
2741427,AGU,UUN,Q3,27,27,17,10,5,73.5
2741427,AGU,UUN,Q4,32,34,15,10,4,80.0
2741427,UUN,AGU,Q1,22,24,18,9,4,61.1
2741427,UUN,AGU,Q2,22,35,16,7,1,46.9
2741427,UUN,AGU,Q3,27,27,19,11,4,68.4
2741427,UUN,AGU,Q4,34,32,25,13,5,62.0
2741423,DSC,HYM,Q1,23,23,19,9,3,55.3
2741423,DSC,HYM,Q2,24,21,14,7,2,57.1
2741423,DSC,HYM,Q3,27,17,16,10,4,75.0
2741423,DSC,HYM,Q4,24,23,14,8,1,60.7
2741423,HYM,DSC,Q1,23,23,20,8,3,47.5
2741423,HYM,DSC,Q2,21,24,14,8,3,67.9
2741423,HYM,DSC,Q3,17,27,16,6,3,46.9
2741423,HYM,DSC,Q4,23,24,18,10,3,63.9
2741415,CNF,CAP,Q1,13,17,22,5,1,25.0
2741415,CNF,CAP,Q2,17,26,18,7,1,41.7
2741415,CNF,CAP,Q3,15,20,15,5,0,33.3
2741415,CNF,CAP,Q4,17,24,17,6,2,41.2
2741415,CAP,CNF,Q1,17,13,15,6,2,46.7
2741415,CAP,CNF,Q2,26,17,17,9,3,61.8
2741415,CAP,CNF,Q3,20,15,16,7,1,46.9
2741415,CAP,CNF,Q4,24,17,16,8,5,65.6
2741425,GOE,BIG,Q1,18,16,18,6,1,36.1
2741425,GOE,BIG,Q2,22,26,15,7,2,53.3
2741425,GOE,BIG,Q3,20,24,13,7,3,65.4
2741425,GOE,BIG,Q4,22,23,16,6,3,46.9
2741425,BIG,GOE,Q1,16,18,19,7,2,42.1
2741425,BIG,GOE,Q2,26,22,22,10,3,52.3
2741425,BIG,GOE,Q3,24,20,18,10,2,61.1
2741425,BIG,GOE,Q4,23,22,11,8,2,81.8
2741414,COR,UAT,Q1,20,25,20,7,3,42.5
2741414,COR,UAT,Q2,23,29,21,9,0,42.9
2741414,COR,UAT,Q3,22,25,20,9,3,52.5
2741414,COR,UAT,Q4,19,25,21,8,2,42.9
2741414,UAT,COR,Q1,25,20,25,10,2,44.0
2741414,UAT,COR,Q2,29,23,25,10,3,46.0
2741414,UAT,COR,Q3,25,22,14,9,3,75.0
2741414,UAT,COR,Q4,25,19,19,11,2,63.2
2741429,WEL,CNF,Q1,23,32,18,9,3,58.3
2741429,WEL,CNF,Q2,24,23,17,8,0,47.1
2741429,WEL,CNF,Q3,27,34,19,11,4,68.4
2741429,WEL,CNF,Q4,32,28,21,11,3,59.5
2741429,CNF,WEL,Q1,32,23,20,12,4,70.0
2741429,CNF,WEL,Q2,23,24,13,7,2,61.5
2741429,CNF,WEL,Q3,34,27,20,14,3,77.5
2741429,CNF,WEL,Q4,28,32,18,9,5,63.9
2741412,CAP,MAL,Q1,22,25,20,8,2,45.0
2741412,CAP,MAL,Q2,21,20,21,9,2,47.6
2741412,CAP,MAL,Q3,26,22,14,8,3,67.9
2741412,CAP,MAL,Q4,20,12,11,8,0,72.7
2741412,MAL,CAP,Q1,25,22,16,9,4,68.8
2741412,MAL,CAP,Q2,20,21,17,8,1,50.0
2741412,MAL,CAP,Q3,22,26,14,8,3,67.9
2741412,MAL,CAP,Q4,12,20,12,4,2,41.7
2741426,BIG,DSC,Q1,27,26,17,11,5,79.4
2741426,BIG,DSC,Q2,30,16,17,10,3,67.6
2741426,BIG,DSC,Q3,16,25,17,6,0,35.3
2741426,BIG,DSC,Q4,18,23,19,8,1,44.7
2741426,DSC,BIG,Q1,26,27,18,11,1,63.9
2741426,DSC,BIG,Q2,16,30,14,5,4,50.0
2741426,DSC,BIG,Q3,25,16,19,11,2,63.2
2741426,DSC,BIG,Q4,23,18,20,8,2,45.0
2741416,HYM,COR,Q1,25,16,21,9,4,52.4
2741416,HYM,COR,Q2,21,19,15,9,3,70.0
2741416,HYM,COR,Q3,17,24,18,4,3,30.6
2741416,HYM,COR,Q4,17,17,12,6,2,58.3
2741416,COR,HYM,Q1,16,25,16,6,2,43.8
2741416,COR,HYM,Q2,19,21,10,5,0,50.0
2741416,COR,HYM,Q3,24,17,17,9,3,61.8
2741416,COR,HYM,Q4,17,17,19,6,3,39.5
2741424,UUN,GOE,Q1,25,19,16,8,2,56.2
2741424,UUN,GOE,Q2,19,17,19,8,2,47.4
2741424,UUN,GOE,Q3,31,16,20,11,3,62.5
2741424,UUN,GOE,Q4,22,22,18,8,2,50.0
2741424,GOE,UUN,Q1,19,25,17,9,1,55.9
2741424,GOE,UUN,Q2,17,19,15,5,0,33.3
2741424,GOE,UUN,Q3,16,31,15,5,2,40.0
2741424,GOE,UUN,Q4,22,22,16,7,3,53.1
2741430,DSC,UUN,Q1,27,17,16,11,3,78.1
2741430,DSC,UUN,Q2,23,33,15,6,3,50.0
2741430,DSC,UUN,Q3,20,21,11,7,0,63.6
2741430,DSC,UUN,Q4,27,21,12,8,3,79.2
2741430,UUN,DSC,Q1,17,27,16,5,1,34.4
2741430,UUN,DSC,Q2,33,23,18,14,4,88.9
2741430,UUN,DSC,Q3,21,20,19,7,4,47.4
2741430,UUN,DSC,Q4,21,27,20,6,3,37.5
2741420,MAL,WEL,Q1,28,23,20,11,2,60.0
2741420,MAL,WEL,Q2,26,34,17,8,6,64.7
2741420,MAL,WEL,Q3,21,16,20,10,0,50.0
2741420,MAL,WEL,Q4,20,21,13,6,1,50.0
2741420,WEL,MAL,Q1,23,28,17,9,5,67.6
2741420,WEL,MAL,Q2,34,26,19,13,6,84.2
2741420,WEL,MAL,Q3,16,21,17,6,1,38.2
2741420,WEL,MAL,Q4,21,20,15,8,4,66.7
2741418,UAT,CAP,Q1,20,22,18,8,1,47.2
2741418,UAT,CAP,Q2,16,26,17,6,0,35.3
2741418,UAT,CAP,Q3,15,18,14,5,1,39.3
2741418,UAT,CAP,Q4,8,24,20,3,0,15.0
2741418,CAP,UAT,Q1,22,20,16,8,2,56.2
2741418,CAP,UAT,Q2,26,16,19,10,2,57.9
2741418,CAP,UAT,Q3,18,15,14,7,1,53.6
2741418,CAP,UAT,Q4,24,8,13,9,1,73.1
2741422,CNF,AGU,Q1,28,26,19,9,5,60.5
2741422,CNF,AGU,Q2,22,28,25,7,2,32.0
2741422,CNF,AGU,Q3,20,11,21,8,2,42.9
2741422,CNF,AGU,Q4,12,14,16,4,2,31.2
2741422,AGU,CNF,Q1,26,28,20,11,4,65.0
2741422,AGU,CNF,Q2,28,22,16,9,2,62.5
2741422,AGU,CNF,Q3,11,20,16,4,1,28.1
2741422,AGU,CNF,Q4,14,12,16,5,2,37.5
2741428,BIG,HYM,Q1,17,17,19,7,1,39.5
2741428,BIG,HYM,Q2,20,26,17,7,4,52.9
2741428,BIG,HYM,Q3,24,15,16,8,1,53.1
2741428,BIG,HYM,Q4,23,16,15,7,1,50.0
2741428,HYM,BIG,Q1,17,17,20,8,1,42.5
2741428,HYM,BIG,Q2,26,20,16,9,2,62.5
2741428,HYM,BIG,Q3,15,24,19,5,0,26.3
2741428,HYM,BIG,Q4,16,23,14,5,1,39.3
2741439,CAP,COR,Q1,30,9,20,11,3,62.5
2741439,CAP,COR,Q2,24,24,17,9,4,64.7
2741439,CAP,COR,Q3,29,24,17,10,5,73.5
2741439,CAP,COR,Q4,19,26,15,6,2,46.7
2741439,COR,CAP,Q1,9,30,11,4,0,36.4
2741439,COR,CAP,Q2,24,24,16,8,4,62.5
2741439,COR,CAP,Q3,24,29,17,8,2,52.9
2741439,COR,CAP,Q4,26,19,19,9,3,55.3
2741435,WEL,UAT,Q1,24,29,17,9,3,61.8
2741435,WEL,UAT,Q2,17,12,18,6,1,36.1
2741435,WEL,UAT,Q3,17,27,12,5,3,54.2
2741435,WEL,UAT,Q4,10,16,10,2,0,20.0
2741435,UAT,WEL,Q1,29,24,19,11,4,68.4
2741435,UAT,WEL,Q2,12,17,14,4,0,28.6
2741435,UAT,WEL,Q3,27,17,21,10,3,54.8
2741435,UAT,WEL,Q4,16,10,15,5,2,40.0
2741431,GOE,CNF,Q1,20,21,15,8,3,63.3
2741431,GOE,CNF,Q2,27,29,18,11,3,69.4
2741431,GOE,CNF,Q3,17,35,16,5,2,37.5
2741431,GOE,CNF,Q4,22,17,18,8,6,61.1
2741431,CNF,GOE,Q1,21,20,15,8,4,66.7
2741431,CNF,GOE,Q2,29,27,17,9,6,70.6
2741431,CNF,GOE,Q3,35,17,21,13,7,78.6
2741431,CNF,GOE,Q4,17,22,14,4,1,32.1
2741433,AGU,MAL,Q1,25,22,16,7,2,50.0
2741433,AGU,MAL,Q2,29,23,22,11,4,59.1
2741433,AGU,MAL,Q3,21,21,18,8,3,52.8
2741433,AGU,MAL,Q4,19,16,19,7,4,47.4
2741433,MAL,AGU,Q1,22,25,22,9,3,47.7
2741433,MAL,AGU,Q2,23,29,20,8,3,47.5
2741433,MAL,AGU,Q3,21,21,16,8,1,53.1
2741433,MAL,AGU,Q4,16,19,20,7,1,37.5
2741432,UUN,BIG,Q1,21,17,14,9,3,75.0
2741432,UUN,BIG,Q2,26,21,18,10,5,69.4
2741432,UUN,BIG,Q3,20,15,16,8,2,56.2
2741432,UUN,BIG,Q4,21,26,13,7,0,53.8
2741432,BIG,UUN,Q1,17,21,23,8,1,37.0
2741432,BIG,UUN,Q2,21,26,17,8,2,52.9
2741432,BIG,UUN,Q3,15,20,13,5,1,42.3
2741432,BIG,UUN,Q4,26,21,26,11,3,48.1
2741443,COR,WEL,Q1,22,17,20,9,3,52.5
2741443,COR,WEL,Q2,31,19,17,11,5,79.4
2741443,COR,WEL,Q3,20,20,17,7,3,50.0
2741443,COR,WEL,Q4,25,25,19,9,3,55.3
2741443,WEL,COR,Q1,17,22,16,6,4,50.0
2741443,WEL,COR,Q2,19,31,18,6,2,38.9
2741443,WEL,COR,Q3,20,20,15,6,2,46.7
2741443,WEL,COR,Q4,25,25,17,11,2,70.6
2741442,UAT,AGU,Q1,20,18,19,8,1,44.7
2741442,UAT,AGU,Q2,26,19,18,10,2,61.1
2741442,UAT,AGU,Q3,30,30,15,10,8,93.3
2741442,UAT,AGU,Q4,31,25,19,12,6,78.9
2741442,AGU,UAT,Q1,18,20,19,6,1,34.2
2741442,AGU,UAT,Q2,19,26,24,7,3,35.4
2741442,AGU,UAT,Q3,30,30,17,10,5,73.5
2741442,AGU,UAT,Q4,25,31,14,8,5,75.0
2741447,MAL,GOE,Q1,15,28,13,5,1,42.3
2741447,MAL,GOE,Q2,14,24,12,4,2,41.7
2741447,MAL,GOE,Q3,28,17,16,9,2,62.5
2741447,MAL,GOE,Q4,27,11,16,9,6,75.0
2741447,GOE,MAL,Q1,28,15,21,11,4,61.9
2741447,GOE,MAL,Q2,24,14,17,9,3,61.8
2741447,GOE,MAL,Q3,17,28,19,6,3,39.5
2741447,GOE,MAL,Q4,11,27,14,4,1,32.1
2741448,CNF,DSC,Q1,14,16,16,6,1,40.6
2741448,CNF,DSC,Q2,30,19,17,11,3,73.5
2741448,CNF,DSC,Q3,20,11,19,8,3,50.0
2741448,CNF,DSC,Q4,16,15,16,6,1,40.6
2741448,DSC,CNF,Q1,16,14,16,6,2,43.8
2741448,DSC,CNF,Q2,19,30,16,7,2,50.0
2741448,DSC,CNF,Q3,11,20,18,4,2,27.8
2741448,DSC,CNF,Q4,15,16,14,6,1,46.4
2741436,BIG,CNF,Q1,23,34,17,11,1,67.6
2741436,BIG,CNF,Q2,24,27,22,9,2,45.5
2741436,BIG,CNF,Q3,24,26,18,10,2,61.1
2741436,BIG,CNF,Q4,22,23,21,10,2,52.4
2741436,CNF,BIG,Q1,34,23,19,13,6,84.2
2741436,CNF,BIG,Q2,27,24,20,10,4,60.0
2741436,CNF,BIG,Q3,26,24,19,9,5,60.5
2741436,CNF,BIG,Q4,23,22,19,7,5,50.0
2741434,UUN,HYM,Q1,23,15,17,8,2,52.9
2741434,UUN,HYM,Q2,20,29,16,6,4,50.0
2741434,UUN,HYM,Q3,11,21,15,3,1,23.3
2741434,UUN,HYM,Q4,21,27,16,7,2,50.0
2741434,HYM,UUN,Q1,15,23,19,5,1,28.9
2741434,HYM,UUN,Q2,29,20,18,11,2,66.7
2741434,HYM,UUN,Q3,21,11,15,8,1,56.7
2741434,HYM,UUN,Q4,27,21,22,11,3,56.8
2741446,WEL,CAP,Q1,23,37,17,9,3,61.8
2741446,WEL,CAP,Q2,18,19,15,7,4,60.0
2741446,WEL,CAP,Q3,15,28,13,6,1,50.0
2741446,WEL,CAP,Q4,24,18,18,8,2,50.0
2741446,CAP,WEL,Q1,37,23,21,15,4,81.0
2741446,CAP,WEL,Q2,19,18,14,6,2,50.0
2741446,CAP,WEL,Q3,28,15,16,12,3,84.4
2741446,CAP,WEL,Q4,18,24,14,5,0,35.7
2741445,GOE,UAT,Q1,17,13,19,7,1,39.5
2741445,GOE,UAT,Q2,15,15,16,6,3,46.9
2741445,GOE,UAT,Q3,24,22,16,9,3,65.6
2741445,GOE,UAT,Q4,22,12,14,7,3,60.7
2741445,UAT,GOE,Q1,13,17,12,5,1,45.8
2741445,UAT,GOE,Q2,15,15,16,6,2,43.8
2741445,UAT,GOE,Q3,22,24,16,6,3,46.9
2741445,UAT,GOE,Q4,12,22,14,3,2,28.6
2741441,AGU,COR,Q1,22,27,17,8,2,52.9
2741441,AGU,COR,Q2,29,20,21,11,2,57.1
2741441,AGU,COR,Q3,33,20,23,11,4,56.5
2741441,AGU,COR,Q4,23,19,20,9,5,57.5
2741441,COR,AGU,Q1,27,22,18,10,5,69.4
2741441,COR,AGU,Q2,20,29,17,6,3,44.1
2741441,COR,AGU,Q3,20,33,19,7,4,47.4
2741441,COR,AGU,Q4,19,23,15,5,2,40.0
2741444,DSC,MAL,Q1,23,23,18,8,5,58.3
2741444,DSC,MAL,Q2,20,16,19,9,1,50.0
2741444,DSC,MAL,Q3,16,22,9,5,2,66.7
2741444,DSC,MAL,Q4,17,31,16,5,2,37.5
2741444,MAL,DSC,Q1,23,23,19,8,5,55.3
2741444,MAL,DSC,Q2,16,20,18,6,3,41.7
2741444,MAL,DSC,Q3,22,16,25,9,4,44.0
2741444,MAL,DSC,Q4,31,17,12,8,4,83.3
2741450,HYM,WEL,Q1,23,22,19,8,2,47.4
2741450,HYM,WEL,Q2,24,15,20,9,3,52.5
2741450,HYM,WEL,Q3,25,16,18,9,2,55.6
2741450,HYM,WEL,Q4,24,19,19,9,2,52.6
2741450,WEL,HYM,Q1,22,23,15,7,3,56.7
2741450,WEL,HYM,Q2,15,24,14,5,1,39.3
2741450,WEL,HYM,Q3,16,25,11,2,1,22.7
2741450,WEL,HYM,Q4,19,24,15,7,3,56.7
2741453,MAL,BIG,Q1,19,24,16,7,0,43.8
2741453,MAL,BIG,Q2,26,19,20,10,4,60.0
2741453,MAL,BIG,Q3,26,23,16,7,4,56.2
2741453,MAL,BIG,Q4,19,23,15,5,1,36.7
2741453,BIG,MAL,Q1,24,19,21,9,4,52.4
2741453,BIG,MAL,Q2,19,26,15,5,4,46.7
2741453,BIG,MAL,Q3,23,26,20,8,4,50.0
2741453,BIG,MAL,Q4,23,19,20,9,2,50.0
2741457,CNF,UUN,Q1,25,21,13,7,4,69.2
2741457,CNF,UUN,Q2,27,23,17,10,1,61.8
2741457,CNF,UUN,Q3,26,13,19,10,0,52.6
2741457,CNF,UUN,Q4,26,13,18,10,4,66.7
2741457,UUN,CNF,Q1,21,25,12,7,4,75.0
2741457,UUN,CNF,Q2,23,27,14,7,4,64.3
2741457,UUN,CNF,Q3,13,26,24,6,1,27.1
2741457,UUN,CNF,Q4,13,26,21,6,1,31.0
2741449,UAT,DSC,Q1,18,19,16,7,2,50.0
2741449,UAT,DSC,Q2,19,18,15,7,2,53.3
2741449,UAT,DSC,Q3,22,22,15,8,2,60.0
2741449,UAT,DSC,Q4,15,16,15,5,1,36.7
2741449,DSC,UAT,Q1,19,18,13,6,2,53.8
2741449,DSC,UAT,Q2,18,19,15,7,2,53.3
2741449,DSC,UAT,Q3,22,22,22,9,4,50.0
2741449,DSC,UAT,Q4,16,15,9,4,2,55.6
2741454,CAP,AGU,Q1,20,21,15,5,2,40.0
2741454,CAP,AGU,Q2,29,24,18,12,3,75.0
2741454,CAP,AGU,Q3,25,26,14,8,3,67.9
2741454,CAP,AGU,Q4,29,18,15,11,5,90.0
2741454,AGU,CAP,Q1,21,20,15,8,2,60.0
2741454,AGU,CAP,Q2,24,29,14,9,3,75.0
2741454,AGU,CAP,Q3,26,25,13,8,1,65.4
2741454,AGU,CAP,Q4,18,29,11,5,1,50.0
2741451,COR,GOE,Q1,23,25,20,11,1,57.5
2741451,COR,GOE,Q2,28,25,18,12,2,72.2
2741451,COR,GOE,Q3,21,21,19,8,1,44.7
2741451,COR,GOE,Q4,22,14,16,6,2,43.8
2741451,GOE,COR,Q1,25,23,20,8,3,47.5
2741451,GOE,COR,Q2,25,28,16,8,4,62.5
2741451,GOE,COR,Q3,21,21,17,7,4,52.9
2741451,GOE,COR,Q4,14,22,17,5,3,38.2
2741459,AGU,WEL,Q1,39,17,21,14,5,78.6
2741459,AGU,WEL,Q2,27,26,19,10,3,60.5
2741459,AGU,WEL,Q3,22,25,19,7,1,39.5
2741459,AGU,WEL,Q4,24,14,22,10,3,52.3
2741459,WEL,AGU,Q1,17,39,20,7,1,37.5
2741459,WEL,AGU,Q2,26,27,20,11,2,60.0
2741459,WEL,AGU,Q3,25,22,17,10,2,64.7
2741459,WEL,AGU,Q4,14,24,18,6,1,36.1
2741452,CNF,HYM,Q1,22,21,15,7,4,60.0
2741452,CNF,HYM,Q2,15,12,20,6,1,32.5
2741452,CNF,HYM,Q3,30,17,20,12,6,75.0
2741452,CNF,HYM,Q4,22,29,13,6,2,53.8
2741452,HYM,CNF,Q1,21,22,16,8,1,53.1
2741452,HYM,CNF,Q2,12,15,17,4,0,23.5
2741452,HYM,CNF,Q3,17,30,18,6,1,36.1
2741452,HYM,CNF,Q4,29,22,18,9,4,61.1
2741456,BIG,UAT,Q1,25,15,18,10,3,63.9
2741456,BIG,UAT,Q2,17,17,10,6,0,60.0
2741456,BIG,UAT,Q3,17,26,16,4,2,31.2
2741456,BIG,UAT,Q4,25,20,20,6,3,37.5
2741456,UAT,BIG,Q1,15,25,18,6,0,33.3
2741456,UAT,BIG,Q2,17,17,17,6,1,38.2
2741456,UAT,BIG,Q3,26,17,21,11,3,59.5
2741456,UAT,BIG,Q4,20,25,20,8,1,42.5
2741461,DSC,COR,Q1,29,20,20,11,4,65.0
2741461,DSC,COR,Q2,18,23,16,7,2,50.0
2741461,DSC,COR,Q3,33,17,15,11,5,90.0
2741461,DSC,COR,Q4,17,24,21,8,0,38.1
2741461,COR,DSC,Q1,20,29,15,8,2,60.0
2741461,COR,DSC,Q2,23,18,16,10,1,65.6
2741461,COR,DSC,Q3,17,33,12,6,1,54.2
2741461,COR,DSC,Q4,24,17,14,8,2,64.3
2741455,UUN,MAL,Q1,22,15,22,10,2,50.0
2741455,UUN,MAL,Q2,16,13,19,6,1,34.2
2741455,UUN,MAL,Q3,15,23,14,6,2,50.0
2741455,UUN,MAL,Q4,17,25,17,5,0,29.4
2741455,MAL,UUN,Q1,15,22,13,5,1,42.3
2741455,MAL,UUN,Q2,13,16,20,4,0,20.0
2741455,MAL,UUN,Q3,23,15,16,9,5,71.9
2741455,MAL,UUN,Q4,25,17,11,7,3,77.3
2741458,GOE,CAP,Q1,19,20,18,8,2,50.0
2741458,GOE,CAP,Q2,16,26,17,6,2,41.2
2741458,GOE,CAP,Q3,21,18,14,5,2,42.9
2741458,GOE,CAP,Q4,32,17,10,8,2,90.0
2741458,CAP,GOE,Q1,20,19,16,8,4,62.5
2741458,CAP,GOE,Q2,26,16,16,9,2,62.5
2741458,CAP,GOE,Q3,18,21,18,7,2,44.4
2741458,CAP,GOE,Q4,17,32,18,6,2,38.9
2741460,HYM,AGU,Q1,27,22,22,10,4,54.5
2741460,HYM,AGU,Q2,14,21,19,5,1,28.9
2741460,HYM,AGU,Q3,20,15,19,9,2,52.6
2741460,HYM,AGU,Q4,18,20,19,8,2,47.4
2741460,AGU,HYM,Q1,22,27,15,6,1,43.3
2741460,AGU,HYM,Q2,21,14,19,9,3,55.3
2741460,AGU,HYM,Q3,15,20,16,5,1,34.4
2741460,AGU,HYM,Q4,20,18,12,4,3,45.8
2741470,COR,BIG,Q1,14,26,21,6,0,28.6
2741470,COR,BIG,Q2,28,16,18,10,1,58.3
2741470,COR,BIG,Q3,25,31,18,9,2,55.6
2741470,COR,BIG,Q4,8,11,11,4,0,36.4
2741470,BIG,COR,Q1,26,14,22,11,2,54.5
2741470,BIG,COR,Q2,16,28,18,6,1,36.1
2741470,BIG,COR,Q3,31,25,21,13,2,66.7
2741470,BIG,COR,Q4,11,8,15,4,3,36.7
2741476,MAL,CNF,Q1,24,10,18,9,2,55.6
2741476,MAL,CNF,Q2,21,21,12,6,1,54.2
2741476,MAL,CNF,Q3,23,20,15,9,3,70.0
2741476,MAL,CNF,Q4,14,24,13,5,1,42.3
2741476,CNF,MAL,Q1,10,24,16,4,0,25.0
2741476,CNF,MAL,Q2,21,21,15,7,3,56.7
2741476,CNF,MAL,Q3,20,23,13,8,2,69.2
2741476,CNF,MAL,Q4,24,14,21,11,2,57.1
2741463,WEL,GOE,Q1,15,18,19,5,4,36.8
2741463,WEL,GOE,Q2,14,21,17,6,1,38.2
2741463,WEL,GOE,Q3,15,29,19,6,1,34.2
2741463,WEL,GOE,Q4,29,15,22,11,5,61.4
2741463,GOE,WEL,Q1,18,15,17,6,1,38.2
2741463,GOE,WEL,Q2,21,14,13,6,1,50.0
2741463,GOE,WEL,Q3,29,15,19,9,3,55.3
2741463,GOE,WEL,Q4,15,29,13,4,0,30.8
2741472,UAT,UUN,Q1,19,28,14,8,1,60.7
2741472,UAT,UUN,Q2,14,24,12,5,1,45.8
2741472,UAT,UUN,Q3,14,27,15,5,1,36.7
2741472,UAT,UUN,Q4,30,22,20,10,6,65.0
2741472,UUN,UAT,Q1,28,19,24,11,6,58.3
2741472,UUN,UAT,Q2,24,14,15,7,2,53.3
2741472,UUN,UAT,Q3,27,14,14,7,5,67.9
2741472,UUN,UAT,Q4,22,30,15,7,4,60.0
2741485,BIG,CAP,Q1,15,26,17,7,0,41.2
2741485,BIG,CAP,Q2,25,14,18,9,4,61.1
2741485,BIG,CAP,Q3,17,27,19,6,2,36.8
2741485,BIG,CAP,Q4,12,19,14,5,2,42.9
2741485,CAP,BIG,Q1,26,15,21,10,6,61.9
2741485,CAP,BIG,Q2,14,25,19,7,0,36.8
2741485,CAP,BIG,Q3,27,17,14,9,3,75.0
2741485,CAP,BIG,Q4,19,12,15,6,3,50.0
2741478,MAL,HYM,Q1,17,20,14,6,2,50.0
2741478,MAL,HYM,Q2,14,14,18,7,0,38.9
2741478,MAL,HYM,Q3,12,13,16,4,1,28.1
2741478,MAL,HYM,Q4,9,14,19,3,1,18.4
2741478,HYM,MAL,Q1,20,17,24,9,2,41.7
2741478,HYM,MAL,Q2,14,14,17,6,2,41.2
2741478,HYM,MAL,Q3,13,12,18,5,2,33.3
2741478,HYM,MAL,Q4,14,9,11,4,1,40.9
2741464,GOE,AGU,Q1,28,23,18,11,4,72.2
2741464,GOE,AGU,Q2,14,28,12,4,1,37.5
2741464,GOE,AGU,Q3,17,17,16,6,3,46.9
2741464,GOE,AGU,Q4,17,25,21,7,3,40.5
2741464,AGU,GOE,Q1,23,28,14,8,1,60.7
2741464,AGU,GOE,Q2,28,14,19,10,5,65.8
2741464,AGU,GOE,Q3,17,17,18,7,3,47.2
2741464,AGU,GOE,Q4,25,17,13,5,2,46.2
2741482,CNF,UAT,Q1,17,18,17,7,1,44.1
2741482,CNF,UAT,Q2,34,16,18,11,4,72.2
2741482,CNF,UAT,Q3,14,19,14,4,1,32.1
2741482,CNF,UAT,Q4,23,19,16,8,3,59.4
2741482,UAT,CNF,Q1,18,17,15,7,1,50.0
2741482,UAT,CNF,Q2,16,34,15,6,2,46.7
2741482,UAT,CNF,Q3,19,14,18,7,4,50.0
2741482,UAT,CNF,Q4,19,23,14,7,4,64.3
2741484,UUN,COR,Q1,28,9,19,10,2,57.9
2741484,UUN,COR,Q2,26,26,20,11,4,65.0
2741484,UUN,COR,Q3,35,31,17,13,5,91.2
2741484,UUN,COR,Q4,34,11,14,10,2,78.6
2741484,COR,UUN,Q1,9,28,8,2,0,25.0
2741484,COR,UUN,Q2,26,26,17,11,4,76.5
2741484,COR,UUN,Q3,31,35,12,10,4,100.0
2741484,COR,UUN,Q4,11,34,13,4,2,38.5
2741466,CAP,DSC,Q1,22,27,16,8,3,59.4
2741466,CAP,DSC,Q2,21,20,22,8,1,38.6
2741466,CAP,DSC,Q3,20,18,17,7,3,50.0
2741466,CAP,DSC,Q4,22,7,14,9,2,71.4
2741466,DSC,CAP,Q1,27,22,18,10,4,66.7
2741466,DSC,CAP,Q2,20,21,17,8,1,50.0
2741466,DSC,CAP,Q3,18,20,15,6,3,50.0
2741466,DSC,CAP,Q4,7,22,17,2,1,14.7
2741481,COR,CNF,Q1,21,28,21,9,1,45.2
2741481,COR,CNF,Q2,29,34,21,12,3,64.3
2741481,COR,CNF,Q3,20,22,19,8,2,47.4
2741481,COR,CNF,Q4,20,25,22,8,3,43.2
2741481,CNF,COR,Q1,28,21,18,10,2,61.1
2741481,CNF,COR,Q2,34,29,23,14,4,69.6
2741481,CNF,COR,Q3,22,20,19,8,1,44.7
2741481,CNF,COR,Q4,25,20,14,9,1,67.9
2741475,CAP,UUN,Q1,15,21,17,7,0,41.2
2741475,CAP,UUN,Q2,28,14,18,11,2,66.7
2741475,CAP,UUN,Q3,22,10,16,8,1,53.1
2741475,CAP,UUN,Q4,20,13,19,8,1,44.7
2741475,UUN,CAP,Q1,21,15,20,8,4,50.0
2741475,UUN,CAP,Q2,14,28,15,4,1,30.0
2741475,UUN,CAP,Q3,10,22,20,4,2,25.0
2741475,UUN,CAP,Q4,13,20,13,5,1,42.3
2741473,WEL,BIG,Q1,17,22,15,7,2,53.3
2741473,WEL,BIG,Q2,27,25,22,10,2,50.0
2741473,WEL,BIG,Q3,31,27,19,11,4,68.4
2741473,WEL,BIG,Q4,11,24,14,4,1,32.1
2741473,BIG,WEL,Q1,22,17,15,9,2,66.7
2741473,BIG,WEL,Q2,25,27,18,9,5,63.9
2741473,BIG,WEL,Q3,27,31,15,10,3,76.7
2741473,BIG,WEL,Q4,24,11,18,8,3,52.8
2741467,HYM,GOE,Q1,25,18,19,10,4,63.2
2741467,HYM,GOE,Q2,26,16,16,12,2,81.2
2741467,HYM,GOE,Q3,23,20,20,9,2,50.0
2741467,HYM,GOE,Q4,32,9,20,13,4,75.0
2741467,GOE,HYM,Q1,18,25,17,6,2,41.2
2741467,GOE,HYM,Q2,16,26,12,5,3,54.2
2741467,GOE,HYM,Q3,20,23,16,6,4,50.0
2741467,GOE,HYM,Q4,9,32,16,3,2,25.0
2741479,UAT,MAL,Q1,12,16,21,4,0,19.0
2741479,UAT,MAL,Q2,20,22,17,7,0,41.2
2741479,UAT,MAL,Q3,14,15,17,6,1,38.2
2741479,UAT,MAL,Q4,26,25,14,9,1,67.9
2741479,MAL,UAT,Q1,16,12,15,6,3,50.0
2741479,MAL,UAT,Q2,22,20,23,9,2,43.5
2741479,MAL,UAT,Q3,15,14,20,6,2,35.0
2741479,MAL,UAT,Q4,25,26,16,9,2,62.5
2741491,CAP,CNF,Q1,21,16,21,8,4,47.6
2741491,CAP,CNF,Q2,19,16,18,6,2,38.9
2741491,CAP,CNF,Q3,17,22,17,6,2,41.2
2741491,CAP,CNF,Q4,25,15,17,8,5,61.8
2741491,CNF,CAP,Q1,16,21,17,7,0,41.2
2741491,CNF,CAP,Q2,16,19,14,6,1,46.4
2741491,CNF,CAP,Q3,22,17,19,9,2,52.6
2741491,CNF,CAP,Q4,15,25,14,6,1,46.4
2741488,COR,MAL,Q1,20,27,16,8,4,62.5
2741488,COR,MAL,Q2,23,19,20,10,1,52.5
2741488,COR,MAL,Q3,18,16,17,6,3,44.1
2741488,COR,MAL,Q4,16,29,21,6,1,31.0
2741488,MAL,COR,Q1,27,20,18,10,4,66.7
2741488,MAL,COR,Q2,19,23,20,7,1,37.5
2741488,MAL,COR,Q3,16,18,17,6,2,41.2
2741488,MAL,COR,Q4,29,16,12,6,4,66.7
2741465,WEL,UUN,Q1,13,28,17,5,2,35.3
2741465,WEL,UUN,Q2,14,31,14,4,1,32.1
2741465,WEL,UUN,Q3,22,25,16,8,2,56.2
2741465,WEL,UUN,Q4,14,18,14,5,1,39.3
2741465,UUN,WEL,Q1,28,13,16,10,3,71.9
2741465,UUN,WEL,Q2,31,14,21,11,5,64.3
2741465,UUN,WEL,Q3,25,22,15,8,3,63.3
2741465,UUN,WEL,Q4,18,14,21,7,2,38.1
2741486,UAT,HYM,Q1,34,31,17,11,4,76.5
2741486,UAT,HYM,Q2,26,16,18,9,4,61.1
2741486,UAT,HYM,Q3,30,19,20,10,3,57.5
2741486,UAT,HYM,Q4,18,27,10,5,0,50.0
2741486,HYM,UAT,Q1,31,34,18,13,4,83.3
2741486,HYM,UAT,Q2,16,26,18,8,0,44.4
2741486,HYM,UAT,Q3,19,30,14,7,2,57.1
2741486,HYM,UAT,Q4,27,18,20,10,6,65.0
2741490,DSC,WEL,Q1,28,23,14,10,4,85.7
2741490,DSC,WEL,Q2,28,27,17,10,3,67.6
2741490,DSC,WEL,Q3,22,11,23,9,4,47.8
2741490,DSC,WEL,Q4,25,21,17,10,4,70.6
2741490,WEL,DSC,Q1,23,28,20,10,1,52.5
2741490,WEL,DSC,Q2,27,28,17,9,4,64.7
2741490,WEL,DSC,Q3,11,22,12,4,2,41.7
2741490,WEL,DSC,Q4,21,25,12,6,0,50.0
2741477,BIG,GOE,Q1,26,23,23,12,2,56.5
2741477,BIG,GOE,Q2,22,22,19,8,2,47.4
2741477,BIG,GOE,Q3,22,30,18,8,3,52.8
2741477,BIG,GOE,Q4,23,18,17,9,3,61.8
2741477,BIG,GOE,OT1,17,13,5,4,3,110.0
2741477,GOE,BIG,Q1,23,26,18,9,4,61.1
2741477,GOE,BIG,Q2,22,22,18,8,4,55.6
2741477,GOE,BIG,Q3,30,22,22,13,3,65.9
2741477,GOE,BIG,Q4,18,23,20,7,3,42.5
2741477,GOE,BIG,OT1,13,17,11,5,1,50.0
2741489,UAT,COR,Q1,14,23,17,6,2,41.2
2741489,UAT,COR,Q2,24,12,19,9,1,50.0
2741489,UAT,COR,Q3,26,25,17,8,3,55.9
2741489,UAT,COR,Q4,25,19,16,8,3,59.4
2741489,COR,UAT,Q1,23,14,18,10,1,58.3
2741489,COR,UAT,Q2,12,24,14,4,2,35.7
2741489,COR,UAT,Q3,25,26,15,9,3,70.0
2741489,COR,UAT,Q4,19,25,19,8,0,42.1
2741474,HYM,DSC,Q1,27,21,20,11,2,60.0
2741474,HYM,DSC,Q2,21,29,17,7,4,52.9
2741474,HYM,DSC,Q3,27,26,19,11,2,63.2
2741474,HYM,DSC,Q4,16,14,15,6,2,46.7
2741474,DSC,HYM,Q1,21,27,12,9,0,75.0
2741474,DSC,HYM,Q2,29,21,20,12,3,67.5
2741474,DSC,HYM,Q3,26,27,13,7,5,73.1
2741474,DSC,HYM,Q4,14,16,12,6,1,54.2
2741487,MAL,CAP,Q1,19,24,17,8,0,47.1
2741487,MAL,CAP,Q2,11,25,14,3,1,25.0
2741487,MAL,CAP,Q3,19,27,19,7,3,44.7
2741487,MAL,CAP,Q4,18,13,23,7,2,34.8
2741487,CAP,MAL,Q1,24,19,14,10,3,82.1
2741487,CAP,MAL,Q2,25,11,19,11,3,65.8
2741487,CAP,MAL,Q3,27,19,18,7,3,47.2
2741487,CAP,MAL,Q4,13,18,14,5,0,35.7
2741480,UUN,AGU,Q1,26,27,17,9,2,58.8
2741480,UUN,AGU,Q2,23,30,21,10,2,52.4
2741480,UUN,AGU,Q3,28,28,18,10,3,63.9
2741480,UUN,AGU,Q4,22,19,25,8,3,38.0
2741480,AGU,UUN,Q1,27,26,14,9,2,71.4
2741480,AGU,UUN,Q2,30,23,21,14,0,66.7
2741480,AGU,UUN,Q3,28,28,17,9,3,61.8
2741480,AGU,UUN,Q4,19,22,13,6,1,50.0
2741492,COR,HYM,Q1,23,29,17,9,1,55.9
2741492,COR,HYM,Q2,17,19,15,5,2,40.0
2741492,COR,HYM,Q3,20,24,19,9,1,50.0
2741492,COR,HYM,Q4,21,20,23,9,0,39.1
2741492,HYM,COR,Q1,29,23,20,10,3,57.5
2741492,HYM,COR,Q2,19,17,16,7,0,43.8
2741492,HYM,COR,Q3,24,20,20,9,2,50.0
2741492,HYM,COR,Q4,20,21,10,5,1,55.0
2741493,CAP,UAT,Q1,20,25,19,7,1,39.5
2741493,CAP,UAT,Q2,27,16,13,10,3,88.5
2741493,CAP,UAT,Q3,21,25,15,6,0,40.0
2741493,CAP,UAT,Q4,20,14,15,7,4,60.0
2741493,UAT,CAP,Q1,25,20,18,9,6,66.7
2741493,UAT,CAP,Q2,16,27,19,6,2,36.8
2741493,UAT,CAP,Q3,25,21,16,8,2,56.2
2741493,UAT,CAP,Q4,14,20,12,5,1,45.8
2741497,DSC,BIG,Q1,23,22,16,8,1,53.1
2741497,DSC,BIG,Q2,28,20,17,11,4,76.5
2741497,DSC,BIG,Q3,23,12,17,8,2,52.9
2741497,DSC,BIG,Q4,24,22,19,9,2,52.6
2741497,BIG,DSC,Q1,22,23,22,9,2,45.5
2741497,BIG,DSC,Q2,20,28,25,9,2,40.0
2741497,BIG,DSC,Q3,12,23,17,5,0,29.4
2741497,BIG,DSC,Q4,22,24,16,7,6,62.5
2741494,WEL,MAL,Q1,20,18,18,7,4,50.0
2741494,WEL,MAL,Q2,26,26,21,10,5,59.5
2741494,WEL,MAL,Q3,24,23,20,10,3,57.5
2741494,WEL,MAL,Q4,29,22,14,10,6,92.9
2741494,MAL,WEL,Q1,18,20,17,7,1,44.1
2741494,MAL,WEL,Q2,26,26,14,9,3,75.0
2741494,MAL,WEL,Q3,23,24,16,8,4,62.5
2741494,MAL,WEL,Q4,22,29,17,8,4,58.8
2741496,GOE,UUN,Q1,30,34,18,11,6,77.8
2741496,GOE,UUN,Q2,13,20,16,3,1,21.9
2741496,GOE,UUN,Q3,22,17,18,9,2,55.6
2741496,GOE,UUN,Q4,21,29,15,7,5,63.3
2741496,UUN,GOE,Q1,34,30,16,12,4,87.5
2741496,UUN,GOE,Q2,20,13,14,8,4,71.4
2741496,UUN,GOE,Q3,17,22,11,4,2,45.5
2741496,UUN,GOE,Q4,29,21,17,10,3,67.6
2741495,AGU,CNF,Q1,28,24,20,9,4,55.0
2741495,AGU,CNF,Q2,25,23,11,6,1,59.1
2741495,AGU,CNF,Q3,20,14,15,6,1,43.3
2741495,AGU,CNF,Q4,25,33,12,6,3,62.5
2741495,CNF,AGU,Q1,24,28,19,9,4,57.9
2741495,CNF,AGU,Q2,23,25,13,4,2,38.5
2741495,CNF,AGU,Q3,14,20,20,6,0,30.0
2741495,CNF,AGU,Q4,33,25,20,12,3,67.5
2741498,HYM,BIG,Q1,26,32,20,10,3,57.5
2741498,HYM,BIG,Q2,25,23,20,11,2,60.0
2741498,HYM,BIG,Q3,24,21,22,11,2,54.5
2741498,HYM,BIG,Q4,24,32,28,8,5,37.5
2741498,BIG,HYM,Q1,32,26,17,12,6,88.2
2741498,BIG,HYM,Q2,23,25,15,8,6,73.3
2741498,BIG,HYM,Q3,21,24,15,7,3,56.7
2741498,BIG,HYM,Q4,32,24,13,8,5,80.8
2741500,CNF,GOE,Q1,21,15,18,9,0,50.0
2741500,CNF,GOE,Q2,21,23,19,7,3,44.7
2741500,CNF,GOE,Q3,24,22,20,10,1,52.5
2741500,CNF,GOE,Q4,33,19,22,12,1,56.8
2741500,GOE,CNF,Q1,15,21,18,5,2,33.3
2741500,GOE,CNF,Q2,23,21,20,8,2,45.0
2741500,GOE,CNF,Q3,22,24,17,8,3,55.9
2741500,GOE,CNF,Q4,19,33,21,7,3,40.5
2741499,UUN,DSC,Q1,25,23,20,9,6,60.0
2741499,UUN,DSC,Q2,18,19,18,7,2,44.4
2741499,UUN,DSC,Q3,17,22,16,7,3,53.1
2741499,UUN,DSC,Q4,18,16,18,8,0,44.4
2741499,DSC,UUN,Q1,23,25,16,8,2,56.2
2741499,DSC,UUN,Q2,19,18,15,8,2,60.0
2741499,DSC,UUN,Q3,22,17,15,5,3,43.3
2741499,DSC,UUN,Q4,16,18,17,6,3,44.1
2741501,MAL,AGU,Q1,32,20,23,12,5,63.0
2741501,MAL,AGU,Q2,17,15,18,7,2,44.4
2741501,MAL,AGU,Q3,12,17,21,6,0,28.6
2741501,MAL,AGU,Q4,28,20,13,7,3,65.4
2741501,AGU,MAL,Q1,20,32,19,9,2,52.6
2741501,AGU,MAL,Q2,15,17,19,6,2,36.8
2741501,AGU,MAL,Q3,17,12,14,6,2,50.0
2741501,AGU,MAL,Q4,20,28,19,8,4,52.6
2741502,UAT,WEL,Q1,29,23,17,11,4,76.5
2741502,UAT,WEL,Q2,26,13,19,10,2,57.9
2741502,UAT,WEL,Q3,23,17,18,9,1,52.8
2741502,UAT,WEL,Q4,13,22,18,5,1,30.6
2741502,WEL,UAT,Q1,23,29,17,8,1,50.0
2741502,WEL,UAT,Q2,13,26,15,5,3,43.3
2741502,WEL,UAT,Q3,17,23,16,7,1,46.9
2741502,WEL,UAT,Q4,22,13,21,9,2,47.6
2741503,COR,CAP,Q1,16,19,19,7,1,39.5
2741503,COR,CAP,Q2,10,20,17,4,1,26.5
2741503,COR,CAP,Q3,11,19,16,5,1,34.4
2741503,COR,CAP,Q4,21,19,14,9,3,75.0
2741503,CAP,COR,Q1,19,16,13,8,2,69.2
2741503,CAP,COR,Q2,20,10,16,7,1,46.9
2741503,CAP,COR,Q3,19,11,20,8,0,40.0
2741503,CAP,COR,Q4,19,21,13,7,2,61.5
2741468,AGU,BIG,Q1,29,23,20,11,5,67.5
2741468,AGU,BIG,Q2,26,25,20,11,2,60.0
2741468,AGU,BIG,Q3,23,23,15,8,6,73.3
2741468,AGU,BIG,Q4,17,16,11,4,1,40.9
2741468,BIG,AGU,Q1,23,29,18,9,2,55.6
2741468,BIG,AGU,Q2,25,26,16,9,6,75.0
2741468,BIG,AGU,Q3,23,23,18,11,1,63.9
2741468,BIG,AGU,Q4,16,17,15,6,1,43.3
2741471,GOE,DSC,Q1,23,24,21,9,5,54.8
2741471,GOE,DSC,Q2,27,27,18,9,4,61.1
2741471,GOE,DSC,Q3,24,15,18,10,2,61.1
2741471,GOE,DSC,Q4,25,26,13,8,4,76.9
2741471,DSC,GOE,Q1,24,23,16,11,1,71.9
2741471,DSC,GOE,Q2,27,27,19,12,1,65.8
2741471,DSC,GOE,Q3,15,24,19,7,1,39.5
2741471,DSC,GOE,Q4,26,25,20,10,2,55.0
2741483,CNF,WEL,Q1,28,14,22,11,1,52.3
2741483,CNF,WEL,Q2,34,29,18,14,1,80.6
2741483,CNF,WEL,Q3,25,28,21,9,3,50.0
2741483,CNF,WEL,Q4,33,20,23,13,4,65.2
2741483,WEL,CNF,Q1,14,28,15,6,2,46.7
2741483,WEL,CNF,Q2,29,34,17,11,7,85.3
2741483,WEL,CNF,Q3,28,25,18,11,1,63.9
2741483,WEL,CNF,Q4,20,33,16,7,1,46.9
2741504,CAP,HYM,Q1,17,18,17,6,1,38.2
2741504,CAP,HYM,Q2,23,12,15,8,5,70.0
2741504,CAP,HYM,Q3,19,19,20,8,2,45.0
2741504,CAP,HYM,Q4,20,20,16,6,4,50.0
2741504,HYM,CAP,Q1,18,17,17,7,0,41.2
2741504,HYM,CAP,Q2,12,23,13,3,0,23.1
2741504,HYM,CAP,Q3,19,19,19,8,1,44.7
2741504,HYM,CAP,Q4,20,20,20,9,2,50.0
2741514,BIG,UUN,Q1,26,14,16,10,3,71.9
2741514,BIG,UUN,Q2,17,18,17,6,1,38.2
2741514,BIG,UUN,Q3,17,25,14,7,2,57.1
2741514,BIG,UUN,Q4,27,17,13,9,5,88.5
2741514,UUN,BIG,Q1,14,26,18,7,0,38.9
2741514,UUN,BIG,Q2,18,17,18,7,3,47.2
2741514,UUN,BIG,Q3,25,17,21,11,0,52.4
2741514,UUN,BIG,Q4,17,27,24,6,1,27.1
2741512,GOE,MAL,Q1,21,23,14,8,5,75.0
2741512,GOE,MAL,Q2,20,20,16,7,3,53.1
2741512,GOE,MAL,Q3,16,19,14,5,2,42.9
2741512,GOE,MAL,Q4,26,24,17,10,5,73.5
2741512,MAL,GOE,Q1,23,21,19,10,1,55.3
2741512,MAL,GOE,Q2,20,20,23,9,1,41.3
2741512,MAL,GOE,Q3,19,16,15,8,3,63.3
2741512,MAL,GOE,Q4,24,26,16,10,4,75.0
2741534,DSC,UAT,Q1,22,27,19,9,2,52.6
2741534,DSC,UAT,Q2,20,25,18,7,4,50.0
2741534,DSC,UAT,Q3,20,12,18,8,3,52.8
2741534,DSC,UAT,Q4,15,23,15,5,0,33.3
2741534,UAT,DSC,Q1,27,22,19,10,3,60.5
2741534,UAT,DSC,Q2,25,20,16,10,4,75.0
2741534,UAT,DSC,Q3,12,20,17,5,0,29.4
2741534,UAT,DSC,Q4,23,15,16,8,2,56.2
2741505,WEL,COR,Q1,20,20,17,7,1,44.1
2741505,WEL,COR,Q2,20,38,19,7,3,44.7
2741505,WEL,COR,Q3,20,16,11,4,1,40.9
2741505,WEL,COR,Q4,13,12,19,5,2,31.6
2741505,COR,WEL,Q1,20,20,16,5,2,37.5
2741505,COR,WEL,Q2,38,20,18,13,7,91.7
2741505,COR,WEL,Q3,16,20,13,4,1,34.6
2741505,COR,WEL,Q4,12,13,15,4,1,30.0
2741515,HYM,UUN,Q1,26,22,16,9,4,68.8
2741515,HYM,UUN,Q2,29,17,20,10,3,57.5
2741515,HYM,UUN,Q3,15,21,13,5,2,46.2
2741515,HYM,UUN,Q4,20,25,18,7,1,41.7
2741515,UUN,HYM,Q1,22,26,15,8,4,66.7
2741515,UUN,HYM,Q2,17,29,22,7,0,31.8
2741515,UUN,HYM,Q3,21,15,16,7,3,53.1
2741515,UUN,HYM,Q4,25,20,17,11,2,70.6
2741517,MAL,DSC,Q1,27,25,16,9,4,68.8
2741517,MAL,DSC,Q2,22,13,20,10,2,55.0
2741517,MAL,DSC,Q3,18,28,11,6,3,68.2
2741517,MAL,DSC,Q4,18,10,14,7,0,50.0
2741517,DSC,MAL,Q1,25,27,16,11,2,75.0
2741517,DSC,MAL,Q2,13,22,17,4,1,26.5
2741517,DSC,MAL,Q3,28,18,17,10,3,67.6
2741517,DSC,MAL,Q4,10,18,17,5,0,29.4
2741520,CAP,WEL,Q1,27,15,20,11,4,65.0
2741520,CAP,WEL,Q2,25,18,16,8,2,56.2
2741520,CAP,WEL,Q3,24,24,17,9,3,61.8
2741520,CAP,WEL,Q4,31,17,15,11,4,86.7
2741520,WEL,CAP,Q1,15,27,20,5,3,32.5
2741520,WEL,CAP,Q2,18,25,18,6,2,38.9
2741520,WEL,CAP,Q3,24,24,15,10,1,70.0
2741520,WEL,CAP,Q4,17,31,14,6,3,53.6
2741518,UAT,GOE,Q1,29,20,18,11,3,69.4
2741518,UAT,GOE,Q2,17,18,19,7,3,44.7
2741518,UAT,GOE,Q3,19,15,18,8,3,52.8
2741518,UAT,GOE,Q4,31,23,9,8,5,116.7
2741518,GOE,UAT,Q1,20,29,17,7,1,44.1
2741518,GOE,UAT,Q2,18,17,20,7,2,40.0
2741518,GOE,UAT,Q3,15,19,18,5,1,30.6
2741518,GOE,UAT,Q4,23,31,17,9,3,61.8
2741519,COR,AGU,Q1,19,28,23,9,1,41.3
2741519,COR,AGU,Q2,25,28,18,9,2,55.6
2741519,COR,AGU,Q3,21,28,18,8,2,50.0
2741519,COR,AGU,Q4,21,25,19,8,2,47.4
2741519,AGU,COR,Q1,28,19,14,11,1,82.1
2741519,AGU,COR,Q2,28,25,18,11,4,72.2
2741519,AGU,COR,Q3,28,21,14,8,5,75.0
2741519,AGU,COR,Q4,25,21,16,10,3,71.9
2741516,CNF,BIG,Q1,31,18,20,11,7,72.5
2741516,CNF,BIG,Q2,35,15,23,13,5,67.4
2741516,CNF,BIG,Q3,24,18,20,9,2,50.0
2741516,CNF,BIG,Q4,7,22,11,1,1,13.6
2741516,BIG,CNF,Q1,18,31,15,6,2,46.7
2741516,BIG,CNF,Q2,15,35,16,6,0,37.5
2741516,BIG,CNF,Q3,18,24,12,5,2,50.0
2741516,BIG,CNF,Q4,22,7,20,9,2,50.0
2741469,AGU,DSC,Q1,21,27,18,7,2,44.4
2741469,AGU,DSC,Q2,18,17,16,8,1,53.1
2741469,AGU,DSC,Q3,27,18,16,11,3,78.1
2741469,AGU,DSC,Q4,24,14,14,8,7,82.1
2741469,DSC,AGU,Q1,27,21,15,10,2,73.3
2741469,DSC,AGU,Q2,17,18,20,6,2,35.0
2741469,DSC,AGU,Q3,18,27,18,8,2,50.0
2741469,DSC,AGU,Q4,14,24,19,6,1,34.2
2741536,BIG,MAL,Q1,25,32,17,9,6,70.6
2741536,BIG,MAL,Q2,21,27,15,9,1,63.3
2741536,BIG,MAL,Q3,32,14,16,9,3,65.6
2741536,BIG,MAL,Q4,24,23,13,7,4,69.2
2741536,MAL,BIG,Q1,32,25,21,11,8,71.4
2741536,MAL,BIG,Q2,27,21,18,11,5,75.0
2741536,MAL,BIG,Q3,14,32,13,5,2,46.2
2741536,MAL,BIG,Q4,23,24,18,10,2,61.1
2741523,GOE,COR,Q1,25,15,21,10,3,54.8
2741523,GOE,COR,Q2,17,32,18,7,1,41.7
2741523,GOE,COR,Q3,16,18,20,6,0,30.0
2741523,GOE,COR,Q4,18,7,17,6,2,41.2
2741523,COR,GOE,Q1,15,25,19,5,1,28.9
2741523,COR,GOE,Q2,32,17,18,12,5,80.6
2741523,COR,GOE,Q3,18,16,15,6,0,40.0
2741523,COR,GOE,Q4,7,18,16,2,1,15.6
2741521,WEL,HYM,Q1,15,14,16,6,1,40.6
2741521,WEL,HYM,Q2,25,21,13,8,4,76.9
2741521,WEL,HYM,Q3,26,17,16,8,3,59.4
2741521,WEL,HYM,Q4,29,25,17,9,1,55.9
2741521,HYM,WEL,Q1,14,15,17,3,0,17.6
2741521,HYM,WEL,Q2,21,25,18,7,3,47.2
2741521,HYM,WEL,Q3,17,26,18,6,2,38.9
2741521,HYM,WEL,Q4,25,29,15,8,4,66.7
2741522,AGU,CAP,Q1,25,20,14,7,1,53.6
2741522,AGU,CAP,Q2,21,21,15,8,1,56.7
2741522,AGU,CAP,Q3,20,19,18,7,2,44.4
2741522,AGU,CAP,Q4,25,20,13,9,6,92.3
2741522,CAP,AGU,Q1,20,25,17,8,2,52.9
2741522,CAP,AGU,Q2,21,21,17,7,4,52.9
2741522,CAP,AGU,Q3,19,20,18,6,2,38.9
2741522,CAP,AGU,Q4,20,25,14,7,3,60.7
2741538,UUN,CNF,Q1,24,25,16,9,4,68.8
2741538,UUN,CNF,Q2,26,16,21,8,4,47.6
2741538,UUN,CNF,Q3,26,25,15,9,4,73.3
2741538,UUN,CNF,Q4,21,28,14,8,0,57.1
2741538,CNF,UUN,Q1,25,24,19,9,5,60.5
2741538,CNF,UUN,Q2,16,26,15,5,0,33.3
2741538,CNF,UUN,Q3,25,26,24,9,5,47.9
2741538,CNF,UUN,Q4,28,21,19,10,5,65.8
2741544,COR,DSC,Q1,19,27,25,7,2,32.0
2741544,COR,DSC,Q2,25,24,12,9,3,87.5
2741544,COR,DSC,Q3,18,18,15,5,3,43.3
2741544,COR,DSC,Q4,22,21,15,8,1,56.7
2741544,DSC,COR,Q1,27,19,18,10,2,61.1
2741544,DSC,COR,Q2,24,25,19,8,1,44.7
2741544,DSC,COR,Q3,18,18,12,7,3,70.8
2741544,DSC,COR,Q4,21,22,22,8,2,40.9
2741543,UAT,BIG,Q1,19,28,12,7,1,62.5
2741543,UAT,BIG,Q2,26,15,16,9,2,62.5
2741543,UAT,BIG,Q3,25,21,19,10,3,60.5
2741543,UAT,BIG,Q4,16,15,16,5,0,31.2
2741543,BIG,UAT,Q1,28,19,19,11,4,68.4
2741543,BIG,UAT,Q2,15,26,13,2,0,15.4
2741543,BIG,UAT,Q3,21,25,16,7,3,53.1
2741543,BIG,UAT,Q4,15,16,18,5,3,36.1
2741540,HYM,CNF,Q1,20,20,17,6,0,35.3
2741540,HYM,CNF,Q2,31,24,15,10,3,76.7
2741540,HYM,CNF,Q3,23,16,14,9,5,82.1
2741540,HYM,CNF,Q4,28,21,14,8,4,71.4
2741540,CNF,HYM,Q1,20,20,16,7,2,50.0
2741540,CNF,HYM,Q2,24,31,19,7,2,42.1
2741540,CNF,HYM,Q3,16,23,17,6,2,41.2
2741540,CNF,HYM,Q4,21,28,16,6,3,46.9
2741542,MAL,UUN,Q1,22,16,16,8,3,59.4
2741542,MAL,UUN,Q2,24,20,18,10,3,63.9
2741542,MAL,UUN,Q3,24,12,18,10,2,61.1
2741542,MAL,UUN,Q4,16,16,20,5,4,35.0
2741542,UUN,MAL,Q1,16,22,14,7,2,57.1
2741542,UUN,MAL,Q2,20,24,15,9,2,66.7
2741542,UUN,MAL,Q3,12,24,11,3,1,31.8
2741542,UUN,MAL,Q4,16,16,14,6,2,50.0
2741545,CAP,GOE,Q1,26,15,23,12,2,56.5
2741545,CAP,GOE,Q2,28,15,20,11,3,62.5
2741545,CAP,GOE,Q3,17,19,15,7,2,53.3
2741545,CAP,GOE,Q4,24,27,18,10,4,66.7
2741545,GOE,CAP,Q1,15,26,15,5,2,40.0
2741545,GOE,CAP,Q2,15,28,19,5,2,31.6
2741545,GOE,CAP,Q3,19,17,20,8,1,42.5
2741545,GOE,CAP,Q4,27,24,19,10,5,65.8
2741546,WEL,AGU,Q1,16,26,17,7,2,47.1
2741546,WEL,AGU,Q2,24,15,17,8,3,55.9
2741546,WEL,AGU,Q3,24,17,22,11,1,52.3
2741546,WEL,AGU,Q4,22,16,18,11,0,61.1
2741546,AGU,WEL,Q1,26,16,21,11,3,59.5
2741546,AGU,WEL,Q2,15,24,14,5,3,46.4
2741546,AGU,WEL,Q3,17,24,19,5,3,34.2
2741546,AGU,WEL,Q4,16,22,16,7,0,43.8
2741537,BIG,COR,Q1,30,12,19,11,5,71.1
2741537,BIG,COR,Q2,25,21,13,9,1,73.1
2741537,BIG,COR,Q3,30,21,17,10,6,76.5
2741537,BIG,COR,Q4,33,16,19,13,5,81.6
2741537,COR,BIG,Q1,12,30,12,6,0,50.0
2741537,COR,BIG,Q2,21,25,14,7,1,53.6
2741537,COR,BIG,Q3,21,30,19,9,3,55.3
2741537,COR,BIG,Q4,16,33,18,6,1,36.1
2741533,GOE,WEL,Q1,12,15,20,5,2,30.0
2741533,GOE,WEL,Q2,21,13,21,9,2,47.6
2741533,GOE,WEL,Q3,20,13,19,7,1,39.5
2741533,GOE,WEL,Q4,22,19,19,9,3,55.3
2741533,WEL,GOE,Q1,15,12,18,7,1,41.7
2741533,WEL,GOE,Q2,13,21,15,4,3,36.7
2741533,WEL,GOE,Q3,13,20,14,5,0,35.7
2741533,WEL,GOE,Q4,19,22,18,7,3,47.2
2741541,CNF,MAL,Q1,20,18,16,7,3,53.1
2741541,CNF,MAL,Q2,24,12,17,7,1,44.1
2741541,CNF,MAL,Q3,13,13,17,5,1,32.4
2741541,CNF,MAL,Q4,22,10,12,7,4,75.0
2741541,MAL,CNF,Q1,18,20,16,7,3,53.1
2741541,MAL,CNF,Q2,12,24,16,5,1,34.4
2741541,MAL,CNF,Q3,13,13,18,4,2,27.8
2741541,MAL,CNF,Q4,10,22,11,3,2,36.4
2741535,DSC,CAP,Q1,24,24,21,10,3,54.8
2741535,DSC,CAP,Q2,18,24,19,6,2,36.8
2741535,DSC,CAP,Q3,13,22,17,6,1,38.2
2741535,DSC,CAP,Q4,26,14,15,8,2,60.0
2741535,CAP,DSC,Q1,24,24,12,9,2,83.3
2741535,CAP,DSC,Q2,24,18,17,9,4,64.7
2741535,CAP,DSC,Q3,22,13,10,6,4,80.0
2741535,CAP,DSC,Q4,14,26,17,4,2,29.4
2741539,UUN,UAT,Q1,18,17,19,7,1,39.5
2741539,UUN,UAT,Q2,22,19,24,9,2,41.7
2741539,UUN,UAT,Q3,15,20,18,5,2,33.3
2741539,UUN,UAT,Q4,21,23,14,7,3,60.7
2741539,UAT,UUN,Q1,17,18,17,7,1,44.1
2741539,UAT,UUN,Q2,19,22,18,7,1,41.7
2741539,UAT,UUN,Q3,20,15,16,9,2,62.5
2741539,UAT,UUN,Q4,23,21,12,7,0,58.3
2741556,COR,UUN,Q1,21,31,18,7,2,44.4
2741556,COR,UUN,Q2,23,20,16,8,0,50.0
2741556,COR,UUN,Q3,15,26,13,6,0,46.2
2741556,COR,UUN,Q4,19,29,20,6,1,32.5
2741556,UUN,COR,Q1,31,21,20,12,2,65.0
2741556,UUN,COR,Q2,20,23,16,7,3,53.1
2741556,UUN,COR,Q3,26,15,21,8,5,50.0
2741556,UUN,COR,Q4,29,19,18,11,4,72.2
2741557,CAP,BIG,Q1,31,19,20,10,5,62.5
2741557,CAP,BIG,Q2,18,22,18,7,3,47.2
2741557,CAP,BIG,Q3,19,15,18,7,3,47.2
2741557,CAP,BIG,Q4,30,20,20,12,2,65.0
2741557,BIG,CAP,Q1,19,31,21,6,3,35.7
2741557,BIG,CAP,Q2,22,18,19,9,0,47.4
2741557,BIG,CAP,Q3,15,19,13,4,3,42.3
2741557,BIG,CAP,Q4,20,30,18,9,1,52.8
2741548,WEL,DSC,Q1,23,28,16,9,2,62.5
2741548,WEL,DSC,Q2,20,23,15,8,2,60.0
2741548,WEL,DSC,Q3,13,23,17,5,2,35.3
2741548,WEL,DSC,Q4,21,17,17,8,5,61.8
2741548,DSC,WEL,Q1,28,23,21,10,5,59.5
2741548,DSC,WEL,Q2,23,20,15,9,3,70.0
2741548,DSC,WEL,Q3,23,13,18,9,1,52.8
2741548,DSC,WEL,Q4,17,21,21,7,0,33.3
2741549,AGU,GOE,Q1,11,10,13,3,2,30.8
2741549,AGU,GOE,Q2,18,21,15,7,2,53.3
2741549,AGU,GOE,Q3,26,9,15,7,2,53.3
2741549,AGU,GOE,Q4,15,24,15,6,1,43.3
2741549,GOE,AGU,Q1,10,11,20,5,0,25.0
2741549,GOE,AGU,Q2,21,18,17,6,2,41.2
2741549,GOE,AGU,Q3,9,26,16,3,1,21.9
2741549,GOE,AGU,Q4,24,15,20,8,4,50.0
2741551,HYM,MAL,Q1,24,30,21,9,4,52.4
2741551,HYM,MAL,Q2,19,23,16,8,2,56.2
2741551,HYM,MAL,Q3,13,15,16,5,3,40.6
2741551,HYM,MAL,Q4,31,15,15,9,4,73.3
2741551,MAL,HYM,Q1,30,24,17,9,4,64.7
2741551,MAL,HYM,Q2,23,19,16,9,0,56.2
2741551,MAL,HYM,Q3,15,13,15,5,3,43.3
2741551,MAL,HYM,Q4,15,31,13,6,2,53.8
2741513,DSC,CNF,Q1,38,24,20,13,4,75.0
2741513,DSC,CNF,Q2,15,14,15,4,3,36.7
2741513,DSC,CNF,Q3,16,18,15,6,2,46.7
2741513,DSC,CNF,Q4,13,17,13,3,2,30.8
2741513,CNF,DSC,Q1,24,38,23,9,1,41.3
2741513,CNF,DSC,Q2,14,15,14,6,0,42.9
2741513,CNF,DSC,Q3,18,16,14,4,1,32.1
2741513,CNF,DSC,Q4,17,13,19,6,1,34.2
2741506,AGU,UAT,Q1,25,16,18,10,3,63.9
2741506,AGU,UAT,Q2,19,20,14,5,3,46.4
2741506,AGU,UAT,Q3,25,15,16,9,3,65.6
2741506,AGU,UAT,Q4,21,25,18,8,4,55.6
2741506,UAT,AGU,Q1,16,25,15,6,1,43.3
2741506,UAT,AGU,Q2,20,19,20,7,2,40.0
2741506,UAT,AGU,Q3,15,25,15,5,0,33.3
2741506,UAT,AGU,Q4,25,21,15,6,4,53.3
2741547,AGU,HYM,Q1,27,22,16,10,5,78.1
2741547,AGU,HYM,Q2,24,23,14,9,1,67.9
2741547,AGU,HYM,Q3,14,19,16,3,2,25.0
2741547,AGU,HYM,Q4,20,16,17,5,1,32.4
2741547,HYM,AGU,Q1,22,27,16,8,2,56.2
2741547,HYM,AGU,Q2,23,24,16,8,4,62.5
2741547,HYM,AGU,Q3,19,14,19,7,2,42.1
2741547,HYM,AGU,Q4,16,20,16,3,0,18.8
2741554,UAT,CNF,Q1,31,19,18,12,3,75.0
2741554,UAT,CNF,Q2,17,22,17,6,2,41.2
2741554,UAT,CNF,Q3,20,22,13,6,0,46.2
2741554,UAT,CNF,Q4,23,18,17,9,3,61.8
2741554,CNF,UAT,Q1,19,31,17,7,1,44.1
2741554,CNF,UAT,Q2,22,17,16,8,3,59.4
2741554,CNF,UAT,Q3,22,20,20,7,3,42.5
2741554,CNF,UAT,Q4,18,23,18,6,2,38.9
2741552,BIG,WEL,Q1,15,19,22,5,3,29.5
2741552,BIG,WEL,Q2,12,19,23,4,0,17.4
2741552,BIG,WEL,Q3,22,18,19,9,3,55.3
2741552,BIG,WEL,Q4,22,15,16,5,2,37.5
2741552,BIG,WEL,OT1,10,15,8,3,2,50.0
2741552,WEL,BIG,Q1,19,15,18,8,0,44.4
2741552,WEL,BIG,Q2,19,12,12,6,2,58.3
2741552,WEL,BIG,Q3,18,22,18,8,2,50.0
2741552,WEL,BIG,Q4,15,22,18,6,2,38.9
2741552,WEL,BIG,OT1,15,10,7,4,1,64.3
2741553,DSC,AGU,Q1,35,29,17,11,5,79.4
2741553,DSC,AGU,Q2,23,27,19,10,3,60.5
2741553,DSC,AGU,Q3,22,17,15,7,2,53.3
2741553,DSC,AGU,Q4,18,19,17,7,1,44.1
2741553,AGU,DSC,Q1,29,35,16,10,4,75.0
2741553,AGU,DSC,Q2,27,23,19,10,4,63.2
2741553,AGU,DSC,Q3,17,22,15,6,2,46.7
2741553,AGU,DSC,Q4,19,18,18,8,2,50.0
2741558,MAL,UAT,Q1,22,30,16,8,4,62.5
2741558,MAL,UAT,Q2,15,13,13,6,1,50.0
2741558,MAL,UAT,Q3,20,16,11,6,2,63.6
2741558,MAL,UAT,Q4,22,14,14,6,1,46.4
2741558,UAT,MAL,Q1,30,22,18,10,5,69.4
2741558,UAT,MAL,Q2,13,15,21,6,1,31.0
2741558,UAT,MAL,Q3,16,20,17,6,2,41.2
2741558,UAT,MAL,Q4,14,22,17,5,1,32.4
2741559,CNF,COR,Q1,29,22,21,12,4,66.7
2741559,CNF,COR,Q2,37,27,18,13,2,77.8
2741559,CNF,COR,Q3,36,10,20,13,3,72.5
2741559,CNF,COR,Q4,24,16,18,9,3,58.3
2741559,COR,CNF,Q1,22,29,13,9,1,73.1
2741559,COR,CNF,Q2,27,37,19,10,2,57.9
2741559,COR,CNF,Q3,10,36,15,3,2,26.7
2741559,COR,CNF,Q4,16,24,13,6,0,46.2
2741555,UUN,CAP,Q1,28,23,16,9,6,75.0
2741555,UUN,CAP,Q2,21,23,17,8,2,52.9
2741555,UUN,CAP,Q3,19,28,16,7,4,56.2
2741555,UUN,CAP,Q4,15,26,13,4,0,30.8
2741555,CAP,UUN,Q1,23,28,11,7,2,72.7
2741555,CAP,UUN,Q2,23,21,17,9,2,58.8
2741555,CAP,UUN,Q3,28,19,20,13,1,67.5
2741555,CAP,UUN,Q4,26,15,16,10,3,71.9
2741550,GOE,HYM,Q1,21,31,18,7,1,41.7
2741550,GOE,HYM,Q2,19,26,23,8,3,41.3
2741550,GOE,HYM,Q3,28,22,17,10,3,67.6
2741550,GOE,HYM,Q4,23,18,21,8,2,42.9
2741550,HYM,GOE,Q1,31,21,18,13,1,75.0
2741550,HYM,GOE,Q2,26,19,19,10,1,55.3
2741550,HYM,GOE,Q3,22,28,18,9,2,55.6
2741550,HYM,GOE,Q4,18,23,11,3,0,27.3
